﻿pos_x,pos_y,rotation,side,designator,mpn,pack,footprint,value,mount_type
138.388795,-132.273099,-21.0,top,B1,,,SW_TACT_ALPS_SKQGABE010,,tht
49.860885,-106.531648,173.0,top,D1,,,diode_tht_sod123,,tht
112.482742,-91.065798,162.0,top,D10,,,diode_tht_sod123,,tht
117.736028,-74.897847,162.0,top,D11,,,diode_tht_sod123,,tht
123.908943,-117.384854,162.0,top,D12,,,diode_tht_sod123,,tht
129.162237,-101.216885,162.0,top,D13,,,diode_tht_sod123,,tht
134.415514,-85.048929,162.0,top,D14,,,diode_tht_sod123,,tht
140.897924,-125.736638,159.0,top,D15,,,diode_tht_sod123,,tht
146.990197,-109.865769,159.0,top,D16,,,diode_tht_sod123,,tht
153.082427,-93.994902,159.0,top,D17,,,diode_tht_sod123,,tht
304.327235,-106.531673,-173.0,top,D18,,,diode_tht_sod123,,tht
302.255455,-89.658381,-173.0,top,D19,,,diode_tht_sod123,,tht
51.932665,-89.658374,173.0,top,D2,,,diode_tht_sod123,,tht
286.385845,-114.168243,-170.0,top,D20,,,diode_tht_sod123,,tht
283.43384,-97.426504,-170.0,top,D21,,,diode_tht_sod123,,tht
280.481804,-80.68478,-170.0,top,D22,,,diode_tht_sod123,,tht
266.224935,-106.737228,-165.0,top,D23,,,diode_tht_sod123,,tht
261.825029,-90.316479,-165.0,top,D24,,,diode_tht_sod123,,tht
257.425097,-73.895737,-165.0,top,D25,,,diode_tht_sod123,,tht
246.958655,-107.233765,-162.0,top,D26,,,diode_tht_sod123,,tht
241.70537,-91.065803,-162.0,top,D27,,,diode_tht_sod123,,tht
236.452102,-74.897842,-162.0,top,D28,,,diode_tht_sod123,,tht
230.279182,-117.384839,-162.0,top,D29,,,diode_tht_sod123,,tht
67.802282,-114.168216,170.0,top,D3,,,diode_tht_sod123,,tht
225.025891,-101.216863,-162.0,top,D30,,,diode_tht_sod123,,tht
219.772589,-85.048916,-162.0,top,D31,,,diode_tht_sod123,,tht
213.290182,-125.736638,-159.0,top,D32,,,diode_tht_sod123,,tht
207.197941,-109.865778,-159.0,top,D33,,,diode_tht_sod123,,tht
201.105708,-93.994909,-159.0,top,D34,,,diode_tht_sod123,,tht
137.217885,-150.673335,152.0,top,D35,,,diode_tht_sod123,,tht
153.555789,-162.327035,137.0,top,D36,,,diode_tht_sod123,,tht
216.970229,-150.673314,-152.0,top,D37,,,diode_tht_sod123,,tht
200.632353,-162.32705,-137.0,top,D38,,,diode_tht_sod123,,tht
70.754296,-97.426511,170.0,top,D4,,,diode_tht_sod123,,tht
73.706297,-80.684758,170.0,top,D5,,,diode_tht_sod123,,tht
87.96317,-106.737231,165.0,top,D6,,,diode_tht_sod123,,tht
92.363082,-90.316491,165.0,top,D7,,,diode_tht_sod123,,tht
96.763024,-73.895742,165.0,top,D8,,,diode_tht_sod123,,tht
107.229447,-107.233778,162.0,top,D9,,,diode_tht_sod123,,tht
171.094058,-142.197882,90.0,top,JST1,,,JST_PH_S2B-PH-K_02x2.00mm_Angled,,tht
40.737393,-91.737018,-7.0,top,MH1,,,mounting_hole_npth,,tht
189.324525,-172.546993,43.0,top,MH10,,,mounting_hole_npth,,tht
111.014431,-60.445924,-18.0,top,MH2,,,mounting_hole_npth,,tht
167.53752,-86.637986,-21.0,top,MH3,,,mounting_hole_npth,,tht
97.921474,-111.526296,-15.0,top,MH4,,,mounting_hole_npth,,tht
164.863593,-172.546995,-43.0,top,MH5,,,mounting_hole_npth,,tht
313.450715,-91.736996,7.0,top,MH6,,,mounting_hole_npth,,tht
243.173661,-60.445924,18.0,top,MH7,,,mounting_hole_npth,,tht
186.650607,-86.638,21.0,top,MH8,,,mounting_hole_npth,,tht
256.266645,-111.526327,15.0,top,MH9,,,mounting_hole_npth,,tht
177.094077,-173.170286,180.0,top,T1,,,SPDT_C128955,,tht
